SET session_replication_role = replica;

--
-- PostgreSQL database dump
--

-- Dumped from database version 17.6
-- Dumped by pg_dump version 17.6

SET statement_timeout = 0;
SET lock_timeout = 0;
SET idle_in_transaction_session_timeout = 0;
SET transaction_timeout = 0;
SET client_encoding = 'UTF8';
SET standard_conforming_strings = on;
SELECT pg_catalog.set_config('search_path', '', false);
SET check_function_bodies = false;
SET xmloption = content;
SET client_min_messages = warning;
SET row_security = off;


--
-- Data for Name: users; Type: TABLE DATA; Schema: auth; Owner: supabase_auth_admin
--

INSERT INTO "auth"."users" ("instance_id", "id", "aud", "role", "email", "encrypted_password", "email_confirmed_at", "invited_at", "confirmation_token", "confirmation_sent_at", "recovery_token", "recovery_sent_at", "email_change_token_new", "email_change", "email_change_sent_at", "last_sign_in_at", "raw_app_meta_data", "raw_user_meta_data", "is_super_admin", "created_at", "updated_at", "phone", "phone_confirmed_at", "phone_change", "phone_change_token", "phone_change_sent_at", "email_change_token_current", "email_change_confirm_status", "banned_until", "reauthentication_token", "reauthentication_sent_at", "is_sso_user", "deleted_at", "is_anonymous") VALUES
	('00000000-0000-0000-0000-000000000000', 'a7f51451-594b-4499-bc98-c864cae7e12d', 'authenticated', 'authenticated', 'nairolf.test@gmail.com', '$2a$10$wve5ozZjOkJ/YjkMB.fMyu4jswoPtqXhwrJgoZ7fvHFzxa6Uat.ae', '2026-02-23 09:34:21.464338+00', NULL, '', NULL, '', NULL, '', '', NULL, '2026-05-19 11:34:45.382068+00', '{"provider": "email", "providers": ["email"]}', '{"email_verified": true}', NULL, '2026-02-23 09:34:21.453135+00', '2026-05-20 13:09:52.979397+00', NULL, NULL, '', '', NULL, '', 0, NULL, '', NULL, false, NULL, false),
	('00000000-0000-0000-0000-000000000000', 'bd218cea-728e-40ad-9c95-c848a38d6501', 'authenticated', 'authenticated', 'florian.petiot44@gmail.com', '$2a$10$pY7KkPvESKRHcnmFbe7mVOib.kfycm2dCksn9Ixfjv6/FAGHY1JE6', '2026-02-21 17:41:08.798667+00', NULL, '', NULL, '', NULL, '', '', NULL, '2026-05-20 13:36:11.679992+00', '{"provider": "email", "providers": ["email"]}', '{"email_verified": true}', NULL, '2026-02-21 17:41:08.794607+00', '2026-05-20 13:36:11.722959+00', NULL, NULL, '', '', NULL, '', 0, NULL, '', NULL, false, NULL, false),
	('00000000-0000-0000-0000-000000000000', 'edbff636-3ca5-456c-bc85-4258b0a62425', 'authenticated', 'authenticated', 'testdeschosesjean@gmail.com', '$2a$10$ULA/WA1hxKqH2D78YwwDP.9cHeGCwySybLKFUC4A5fr8MOTi.VHUq', '2026-03-16 07:53:54.228602+00', '2026-03-16 07:53:43.760183+00', '', NULL, 'pkce_f05e7ff536b5e9cd031f2c5ec22f33fe16bf6c3f7f53bc520872968b', '2026-05-15 09:36:23.728011+00', '', '', NULL, '2026-05-14 19:22:48.53083+00', '{"provider": "email", "providers": ["email"]}', '{"name": "Service Logistique", "role_id": "c13cc93c-3e72-432c-9d75-3a8f94ce9990", "email_verified": true}', NULL, '2026-03-16 07:53:43.753209+00', '2026-05-15 09:36:24.771054+00', NULL, NULL, '', '', NULL, '', 0, NULL, '', NULL, false, NULL, false),
	('00000000-0000-0000-0000-000000000000', '4beb0119-1c96-4dd8-8f9a-5583a8e3220d', 'authenticated', 'authenticated', 'florian.petiot@etu.univ-nantes.fr', '$2a$10$yIhiFsvMHmNi3UUhZ7ZK5uIXBZBz9NnnVNtjv9FJhIxZr88KORfja', '2026-03-22 11:40:34.707053+00', '2026-03-22 11:23:01.048897+00', '', NULL, '', NULL, '', '', NULL, '2026-05-16 12:58:46.059896+00', '{"provider": "email", "providers": ["email"]}', '{"name": "Bureau Des Arts", "role": "club", "email_verified": true}', NULL, '2026-03-22 11:23:00.980776+00', '2026-05-16 12:58:46.08086+00', NULL, NULL, '', '', NULL, '', 0, NULL, '', NULL, false, NULL, false);


--
-- Data for Name: roles; Type: TABLE DATA; Schema: public; Owner: postgres
--

INSERT INTO "public"."roles" ("id", "name", "label", "is_system", "created_at") VALUES
	('59e225ab-ccb3-4ee0-a6a4-242fbcf039d9', 'club', 'Club / Association', true, '2026-03-08 17:46:54.062238+00'),
	('faba0608-88fb-4457-a3bc-00ff44e9c1a2', 'direction', 'Direction', true, '2026-03-08 17:46:54.062238+00'),
	('c13cc93c-3e72-432c-9d75-3a8f94ce9990', 'logistique', 'Logistique', false, '2026-03-12 21:42:28.876679+00'),
	('6a647f7d-1bdf-46b0-9370-dac424a47930', 'gestion', 'Gestion', false, '2026-03-14 15:16:01.349942+00'),
	('e9a8c036-a48f-4205-8123-c2c58a8b76c7', 'president_bde', 'Président BDE', false, '2026-03-14 22:41:37.226112+00');


--
-- Data for Name: profiles; Type: TABLE DATA; Schema: public; Owner: postgres
--

INSERT INTO "public"."profiles" ("id", "name", "email", "created_at", "role_id") VALUES
	('edbff636-3ca5-456c-bc85-4258b0a62425', 'Service Logistique', 'testdeschosesjean@gmail.com', '2026-03-16 07:53:43.752901+00', 'c13cc93c-3e72-432c-9d75-3a8f94ce9990'),
	('4beb0119-1c96-4dd8-8f9a-5583a8e3220d', 'Bureau Des Arts', 'florian.petiot@etu.univ-nantes.fr', '2026-03-22 11:23:00.977903+00', '59e225ab-ccb3-4ee0-a6a4-242fbcf039d9'),
	('bd218cea-728e-40ad-9c95-c848a38d6501', 'BDE Polytech', 'florian.petiot44@gmail.com', '2026-02-21 17:41:08.794252+00', '59e225ab-ccb3-4ee0-a6a4-242fbcf039d9'),
	('a7f51451-594b-4499-bc98-c864cae7e12d', 'Florence Cabresin', 'nairolf.test@gmail.com', '2026-02-23 09:34:21.452151+00', 'faba0608-88fb-4457-a3bc-00ff44e9c1a2');


--
-- Data for Name: event_forms; Type: TABLE DATA; Schema: public; Owner: postgres
--

INSERT INTO "public"."event_forms" ("id", "profile_id", "status", "version", "signed_by", "signed_at", "title", "event_date", "event_start_time", "event_end_time", "location", "category", "description", "budget", "estimated_attendees", "has_external_people", "deadline", "needs_equipment", "needs_communication", "has_food", "site_plan_path", "needs_bulle_ssi", "needs_agent_secu", "created_at", "updated_at", "submitted_at", "event_end_date", "equipment", "communication", "food", "responsible_prevention", "responsible_security", "responsible_organisation", "alcohol", "security", "agent_secu") VALUES
	('b631295c-7795-4e2f-8036-00712d54b821', 'bd218cea-728e-40ad-9c95-c848a38d6501', 'brouillon', 0, NULL, NULL, 'Événement sans titre', '2026-04-27', '17:00:00', '22:00:00', '', 'Soirée', NULL, NULL, NULL, false, '2026-03-02', true, true, true, NULL, true, true, '2026-04-27 15:34:47.414007+00', '2026-05-14 19:57:20.918+00', NULL, '2026-04-27', '{"Tables": 0, "Chaises": 2, "Multiprises": 0, "Vidéo projecteur": 0, "Panneaux d''affichage": 0, "Rallonges électriques": 0}', '{"description": "", "Intranet – Sites Polytech": false, "Mur d''écrans bâtiment Ireste": false, "Newsletter Polytech (avant le 10 du mois)": false, "Réseaux sociaux (Meta – LinkedIn – Instagram)": false}', '{"menu": "", "has_caterer": false, "caterer_name": "", "organisation": "", "caterer_siret": ""}', '{"nom": "", "email": "", "prenom": "", "telephone": "", "departement": ""}', '{"nom": "", "email": "", "prenom": "", "telephone": "", "departement": ""}', '{"nom": "", "email": "", "prenom": "", "telephone": "", "departement": ""}', '{"enabled": true, "ddb_mairie": {"date_demande": "", "autorisation_path": ""}, "prevention": [{"titre": "Eau à disposition", "selected": false, "description": "Points d''eau potable gratuits et en libre-service accessibles à tous pendant toute la durée de l''événement."}, {"titre": "Poste de secours", "selected": false, "description": "Espace dédié et clairement identifié, avec le matériel nécessaire pour assurer les premiers soins."}, {"titre": "Espace de repos", "selected": false, "description": "Zone calme, isolée du bruit et surveillée, permettant aux participants de se reposer en toute sécurité."}, {"titre": "Stand de prévention", "selected": false, "description": "Espace d''information et de distribution de matériel de réduction des risques (éthylotests, préservatifs, bouchons d''oreilles)."}, {"titre": "SAM", "selected": false, "description": "Dispositif ''Capitaine de soirée'' récompensant les conducteurs sobres."}, {"titre": "Affichage des horaires de transport en commun", "selected": false, "description": "Affichage visible des horaires des derniers bus, tramways ou métros à proximité des sorties."}, {"titre": "Navettes", "selected": false, "description": "Capacité des membre du club à pouvoir conduire les participant chez eux si besoin."}, {"titre": "Taxis", "selected": false, "description": "Capacité à contacter rapidement un taxi ou VTC pour ramener quelqu''un chez lui si besoin."}], "structure_licence": "", "ddb_nantes_universite": {"date_demande": "", "autorisation_path": ""}}', '{"cles": {"est": [{"key": "E6", "selected": false}, {"key": "E5", "selected": false}, {"key": "E4", "selected": false}, {"key": "E3", "selected": true}, {"key": "E2+111", "selected": false}], "sud": [{"key": "E1+110", "selected": true}, {"key": "E8", "selected": false}], "nord": [{"key": "E7", "selected": false}, {"key": "S8", "selected": false}], "ouest": [{"key": "E9", "selected": false}, {"key": "S0", "selected": false}], "parking": [{"key": "Portique parking", "selected": false}]}, "salle_ssi": []}', '{"secouristes": {"dispositions": "", "has_organisme": false, "organisme_nom": "", "organisme_siret": "", "organisme_devis_path": ""}, "entreprise_securite": {"nom": "", "siret": "", "devis_path": ""}}'),
	('5b37e866-f207-44e0-bf60-9a947bde3385', 'bd218cea-728e-40ad-9c95-c848a38d6501', 'brouillon', 0, NULL, NULL, 'Événement sans titre', '2026-05-14', '17:00:00', '20:00:00', '', '', NULL, NULL, 3, false, '2026-03-19', false, false, true, NULL, true, true, '2026-05-14 22:18:15.237507+00', '2026-05-20 11:15:53.958+00', NULL, '2026-05-14', '{"Tables": 0, "Chaises": 0, "Multiprises": 0, "Vidéo projecteur": 0, "Panneaux d''affichage": 0, "Rallonges électriques": 0}', '{"description": "", "Intranet – Sites Polytech": false, "Mur d''écrans bâtiment Ireste": false, "Newsletter Polytech (avant le 10 du mois)": false, "Réseaux sociaux (Meta – LinkedIn – Instagram)": false}', '{"menu": "", "has_caterer": false, "caterer_name": "", "organisation": "", "caterer_siret": ""}', '{"nom": "", "email": "", "prenom": "", "telephone": "", "departement": ""}', '{"nom": "", "email": "", "prenom": "", "telephone": "", "departement": ""}', '{"nom": "", "email": "", "prenom": "", "telephone": "", "departement": ""}', '{"enabled": true, "ddb_mairie": {"date_demande": "", "autorisation_path": ""}, "prevention": [{"titre": "Eau à disposition", "selected": false, "description": "Points d''eau potable gratuits et en libre-service accessibles à tous pendant toute la durée de l''événement."}, {"titre": "Poste de secours", "selected": false, "description": "Espace dédié et clairement identifié, avec le matériel nécessaire pour assurer les premiers soins."}, {"titre": "Espace de repos", "selected": false, "description": "Zone calme, isolée du bruit et surveillée, permettant aux participants de se reposer en toute sécurité."}, {"titre": "Stand de prévention", "selected": false, "description": "Espace d''information et de distribution de matériel de réduction des risques (éthylotests, préservatifs, bouchons d''oreilles)."}, {"titre": "SAM", "selected": false, "description": "Dispositif ''Capitaine de soirée'' récompensant les conducteurs sobres."}, {"titre": "Affichage des horaires de transport en commun", "selected": false, "description": "Affichage visible des horaires des derniers bus, tramways ou métros à proximité des sorties."}, {"titre": "Navettes", "selected": false, "description": "Capacité des membre du club à pouvoir conduire les participant chez eux si besoin."}, {"titre": "Taxis", "selected": false, "description": "Capacité à contacter rapidement un taxi ou VTC pour ramener quelqu''un chez lui si besoin."}], "structure_licence": "", "ddb_nantes_universite": {"date_demande": "", "autorisation_path": ""}}', '{"cles": {"est": [{"key": "E6", "selected": false}, {"key": "E5", "selected": false}, {"key": "E4", "selected": false}, {"key": "E3", "selected": false}, {"key": "E2+111", "selected": false}], "sud": [{"key": "E1+110", "selected": false}, {"key": "E8", "selected": false}], "nord": [{"key": "E7", "selected": false}, {"key": "S8", "selected": false}], "ouest": [{"key": "E9", "selected": false}, {"key": "S0", "selected": false}], "parking": [{"key": "Portique parking", "selected": false}]}, "salle_ssi": [{"nom": "", "email": "", "prenom": ""}]}', '{"secouristes": {"dispositions": "", "has_organisme": false, "organisme_nom": "", "organisme_siret": "", "organisme_devis_path": ""}, "entreprise_securite": {"nom": "", "siret": "", "devis_path": ""}}'),
	('01a2d6cb-9fcd-44d1-bf8a-c56b02c0e808', 'bd218cea-728e-40ad-9c95-c848a38d6501', 'brouillon', 0, NULL, NULL, 'Copie de Soirée Jeux XXL', '2026-05-16', '20:00:00', '01:30:00', 'Rue Ireste', 'Soirée', 'Soirée conviviale autour de jeux de société avec musique d’ambiance.', 450, 90, false, '2026-03-21', true, false, true, NULL, true, true, '2026-05-16 14:37:48.200459+00', '2026-05-16 14:53:31.487+00', NULL, '2026-05-16', '{"Tables": 5, "Chaises": 10, "Multiprises": 3, "Vidéo projecteur": 0, "Panneaux d''affichage": 0, "Rallonges électriques": 2}', '{"description": "", "Intranet – Sites Polytech": false, "Mur d''écrans bâtiment Ireste": false, "Newsletter Polytech (avant le 10 du mois)": false, "Réseaux sociaux (Meta – LinkedIn – Instagram)": false}', '{"menu": "Pizza et snacks.", "has_caterer": false, "caterer_name": "", "organisation": "Commandes groupées auprès de plusieurs pizzerias du centre-ville. Livraison à 21h.", "caterer_siret": ""}', '{"nom": "Durand", "email": "thomas.durand@etu.univ-nantes.fr", "prenom": "Thomas", "telephone": "0616388842", "departement": "INFO"}', '{"nom": "Moreau", "email": "julie.moreau@etu.univ-nantes.fr", "prenom": "Julie", "telephone": "0616388842", "departement": "MAT"}', '{"nom": "Benali", "email": "mehdi.benali@etu.univ-nantes.fr", "prenom": "Mehdi", "telephone": "0616388842", "departement": "MAT"}', '{"enabled": true, "ddb_mairie": {"date_demande": "", "autorisation_path": ""}, "prevention": [{"titre": "Eau à disposition", "selected": true, "description": "Points d''eau potable gratuits et en libre-service accessibles à tous pendant toute la durée de l''événement."}, {"titre": "Poste de secours", "selected": false, "description": "Espace dédié et clairement identifié, avec le matériel nécessaire pour assurer les premiers soins."}, {"titre": "Espace de repos", "selected": true, "description": "Zone calme, isolée du bruit et surveillée, permettant aux participants de se reposer en toute sécurité."}, {"titre": "Stand de prévention", "selected": true, "description": "Espace d''information et de distribution de matériel de réduction des risques (éthylotests, préservatifs, bouchons d''oreilles)."}, {"titre": "SAM", "selected": true, "description": "Dispositif ''Capitaine de soirée'' récompensant les conducteurs sobres."}, {"titre": "Affichage des horaires de transport en commun", "selected": true, "description": "Affichage visible des horaires des derniers bus, tramways ou métros à proximité des sorties."}, {"titre": "Navettes", "selected": false, "description": "Capacité des membre du club à pouvoir conduire les participant chez eux si besoin."}, {"titre": "Taxis", "selected": true, "description": "Capacité à contacter rapidement un taxi ou VTC pour ramener quelqu''un chez lui si besoin."}], "structure_licence": "BDE Polytech Nantes", "ddb_nantes_universite": {"date_demande": "", "autorisation_path": ""}}', '{"cles": {"est": [{"key": "E6", "selected": false}, {"key": "E5", "selected": false}, {"key": "E4", "selected": true}, {"key": "E3", "selected": false}, {"key": "E2+111", "selected": false}], "sud": [{"key": "E1+110", "selected": true}, {"key": "E8", "selected": false}], "nord": [{"key": "E7", "selected": true}, {"key": "S8", "selected": false}], "ouest": [{"key": "E9", "selected": false}, {"key": "S0", "selected": true}], "parking": [{"key": "Portique parking", "selected": true}]}, "salle_ssi": [{"nom": "Martin", "email": "lucas.martin@etu.univ-nantes.fr", "prenom": "Lucas", "telephone": "0616388842"}]}', '{"secouristes": {"dispositions": "Nous aurons nos propres trousses de secours", "has_organisme": false, "organisme_nom": "", "organisme_siret": "", "organisme_devis_path": ""}, "entreprise_securite": {"nom": "SPR Sécurité Bretagne", "siret": "12345678912345", "devis_path": ""}}'),
	('402928c8-ef9e-4f99-ab3b-07290e80bb4a', 'bd218cea-728e-40ad-9c95-c848a38d6501', 'validee', 1, 'a7f51451-594b-4499-bc98-c864cae7e12d', '2026-04-11 15:48:40.845+00', 'Soirée parrains fillots', '2026-04-29', '17:00:00', '18:00:00', 'rue ireste', 'Soirée', 'soirée parrains fillots', 0, 49, false, '2026-04-15', false, false, false, NULL, false, false, '2026-04-11 15:46:05.780078+00', '2026-04-11 15:47:37.657+00', '2026-04-11 15:47:37.657+00', '2026-04-29', '{"Tables": 0, "Chaises": 0, "Multiprises": 0, "Vidéo projecteur": 0, "Panneaux d''affichage": 0, "Rallonges électriques": 0}', '{"description": "", "Intranet – Sites Polytech": false, "Mur d''écrans bâtiment Ireste": false, "Newsletter Polytech (avant le 10 du mois)": false, "Réseaux sociaux (Meta – LinkedIn – Instagram)": false}', '{"menu": "", "has_caterer": false, "caterer_name": "", "organisation": "", "caterer_siret": ""}', '{"nom": "Petiot", "email": "florian.petiot44@gmail.com", "prenom": "Florian", "telephone": "0616388842", "departement": "INFO"}', '{"nom": "Petiot", "email": "florian.petiot44@gmail.com", "prenom": "Florian", "telephone": "0616388842", "departement": "INFO"}', '{"nom": "Petiot", "email": "florian.petiot44@gmail.com", "prenom": "Florian", "telephone": "0616388842", "departement": "INFO"}', '{"enabled": false, "ddb_mairie": {"date_demande": "", "autorisation_path": ""}, "prevention": [{"titre": "Eau à disposition", "selected": false, "description": "Points d''eau potable gratuits et en libre-service accessibles à tous pendant toute la durée de l''événement."}, {"titre": "Poste de secours", "selected": false, "description": "Espace dédié et clairement identifié, avec le matériel nécessaire pour assurer les premiers soins."}, {"titre": "Espace de repos", "selected": false, "description": "Zone calme, isolée du bruit et surveillée, permettant aux participants de se reposer en toute sécurité."}, {"titre": "Stand de prévention", "selected": false, "description": "Espace d''information et de distribution de matériel de réduction des risques (éthylotests, préservatifs, bouchons d''oreilles)."}, {"titre": "SAM", "selected": false, "description": "Dispositif ''Capitaine de soirée'' récompensant les conducteurs sobres."}, {"titre": "Affichage des horaires de transport en commun", "selected": false, "description": "Affichage visible des horaires des derniers bus, tramways ou métros à proximité des sorties."}, {"titre": "Navettes", "selected": false, "description": "Capacité des membre du club à pouvoir conduire les participant chez eux si besoin."}, {"titre": "Taxis", "selected": false, "description": "Capacité à contacter rapidement un taxi ou VTC pour ramener quelqu''un chez lui si besoin."}], "structure_licence": "", "ddb_nantes_universite": {"date_demande": "", "autorisation_path": ""}}', '{"cles": {"est": [{"key": "E6", "selected": false}, {"key": "E5", "selected": false}, {"key": "E4", "selected": false}, {"key": "E3", "selected": false}, {"key": "E2+111", "selected": false}], "sud": [{"key": "E1+110", "selected": false}, {"key": "E8", "selected": false}], "nord": [{"key": "E7", "selected": false}, {"key": "S8", "selected": false}], "ouest": [{"key": "E9", "selected": false}, {"key": "S0", "selected": false}], "parking": [{"key": "Portique parking", "selected": false}]}, "salle_ssi": []}', '{"secouristes": {"dispositions": "", "has_organisme": false, "organisme_nom": "", "organisme_siret": "", "organisme_devis_path": ""}, "entreprise_securite": {"nom": "", "siret": "", "devis_path": ""}}'),
	('28b2c44d-4351-4b43-8e81-bbe051413732', '4beb0119-1c96-4dd8-8f9a-5583a8e3220d', 'soumise', 1, NULL, NULL, 'Ateliers créatifs', '2026-05-19', '17:00:00', '18:00:00', 'Cafet ireste', 'Soirée', 'Ceci est une description', 100, 49, false, '2026-05-05', false, false, false, NULL, false, false, '2026-03-23 13:15:19.007931+00', '2026-03-23 13:30:56.235+00', '2026-03-23 13:30:56.235+00', '2026-05-19', '{"Tables": 0, "Chaises": 0, "Multiprises": 0, "Panneaux d''affichage": 0, "Rallonges électriques": 0}', '{"description": "", "Intranet – Sites Polytech": false, "Mur d''écrans bâtiment Ireste": false, "Newsletter Polytech (avant le 10 du mois)": false, "Réseaux sociaux (Meta – LinkedIn – Instagram)": false}', '{"menu": "", "has_caterer": false, "caterer_name": "", "organisation": "", "caterer_siret": ""}', '{"nom": "Petiot", "email": "florian.petiot44@gmail.com", "prenom": "Florian", "telephone": "+33616388842", "departement": "INFO"}', '{"nom": "Petiot", "email": "florian.petiot44@gmail.com", "prenom": "Florian", "telephone": "+33616388842", "departement": "INFO"}', '{"nom": "Petiot", "email": "florian.petiot44@gmail.com", "prenom": "Florian", "telephone": "+33616388842", "departement": "INFO"}', '{"enabled": false, "ddb_mairie": {"date_demande": "", "autorisation_path": ""}, "prevention": [{"titre": "Eau à disposition", "selected": false, "description": "Points d''eau potable gratuits et en libre-service accessibles à tous pendant toute la durée de l''événement."}, {"titre": "Poste de secours", "selected": false, "description": "Espace dédié et clairement identifié, avec le matériel nécessaire pour assurer les premiers soins."}, {"titre": "Espace de repos", "selected": false, "description": "Zone calme, isolée du bruit et surveillée, permettant aux participants de se reposer en toute sécurité."}, {"titre": "Stand de prévention", "selected": false, "description": "Espace d''information et de distribution de matériel de réduction des risques (éthylotests, préservatifs, bouchons d''oreilles)."}, {"titre": "SAM", "selected": false, "description": "Dispositif ''Capitaine de soirée'' récompensant les conducteurs sobres."}, {"titre": "Affichage des horaires de transport en commun", "selected": false, "description": "Affichage visible des horaires des derniers bus, tramways ou métros à proximité des sorties."}, {"titre": "Navettes", "selected": false, "description": "Capacité des membre du club à pouvoir conduire les participant chez eux si besoin."}, {"titre": "Taxis", "selected": false, "description": "Capacité à contacter rapidement un taxi ou VTC pour ramener quelqu''un chez lui si besoin."}], "structure_licence": "", "ddb_nantes_universite": {"date_demande": "", "autorisation_path": ""}}', '{"cles": {"est": [{"key": "E6", "selected": false}, {"key": "E5", "selected": false}, {"key": "E4", "selected": false}, {"key": "E3", "selected": false}, {"key": "E2+111", "selected": false}], "sud": [{"key": "E1+110", "selected": false}, {"key": "E8", "selected": false}], "nord": [{"key": "E7", "selected": false}, {"key": "S8", "selected": false}], "ouest": [{"key": "E9", "selected": false}, {"key": "S0", "selected": false}], "parking": [{"key": "Portique parking", "selected": false}]}, "salle_ssi": []}', '{"secouristes": {"dispositions": "", "has_organisme": false, "organisme_nom": "", "organisme_siret": "", "organisme_devis_path": ""}, "entreprise_securite": {"nom": "", "siret": "", "devis_path": ""}}'),
	('9c40a672-e3d2-40c4-820d-b1a5d140ccfa', 'bd218cea-728e-40ad-9c95-c848a38d6501', 'refusee', 1, NULL, NULL, 'Evènement à refuser ', '2026-07-22', '17:00:00', '19:00:00', 'Cafet ireste', 'Soirée', 'evenement test à refuser', 50, 99, false, '2026-05-27', false, false, false, '', false, false, '2026-03-17 09:37:28.588207+00', '2026-05-14 17:20:25.037+00', '2026-05-14 17:19:19.797+00', '2026-07-22', '{"Tables": 0, "Chaises": 0, "Multiprises": 0, "Vidéo projecteur": 0, "Panneaux d''affichage": 3, "Rallonges électriques": 0}', '{"description": "", "Intranet – Sites Polytech": false, "Mur d''écrans bâtiment Ireste": false, "Newsletter Polytech (avant le 10 du mois)": false, "Réseaux sociaux (Meta – LinkedIn – Instagram)": false}', '{"menu": "", "has_caterer": false, "caterer_name": "", "organisation": "", "caterer_siret": ""}', '{"nom": "petiot", "email": "florian.petiot44@gmail.com", "prenom": "Florian", "telephone": "0616388842", "departement": "INFO"}', '{"nom": "petiot", "email": "florian.petiot44@gmail.com", "prenom": "Florian", "telephone": "0616388842", "departement": "INFO"}', '{"nom": "petiot", "email": "florian.petiot44@gmail.com", "prenom": "Florian", "telephone": "0616388842", "departement": "INFO"}', '{"enabled": false, "ddb_mairie": {"date_demande": "", "autorisation_path": ""}, "prevention": [{"titre": "Eau à disposition", "selected": false, "description": "Points d''eau potable gratuits et en libre-service accessibles à tous pendant toute la durée de l''événement."}, {"titre": "Poste de secours", "selected": false, "description": "Espace dédié et clairement identifié, avec le matériel nécessaire pour assurer les premiers soins."}, {"titre": "Espace de repos", "selected": false, "description": "Zone calme, isolée du bruit et surveillée, permettant aux participants de se reposer en toute sécurité."}, {"titre": "Stand de prévention", "selected": false, "description": "Espace d''information et de distribution de matériel de réduction des risques (éthylotests, préservatifs, bouchons d''oreilles)."}, {"titre": "SAM", "selected": false, "description": "Dispositif ''Capitaine de soirée'' récompensant les conducteurs sobres."}, {"titre": "Affichage des horaires de transport en commun", "selected": false, "description": "Affichage visible des horaires des derniers bus, tramways ou métros à proximité des sorties."}, {"titre": "Navettes", "selected": false, "description": "Capacité des membre du club à pouvoir conduire les participant chez eux si besoin."}, {"titre": "Taxis", "selected": false, "description": "Capacité à contacter rapidement un taxi ou VTC pour ramener quelqu''un chez lui si besoin."}], "structure_licence": "", "ddb_nantes_universite": {"date_demande": "", "autorisation_path": ""}}', '{"cles": {"est": [{"key": "E6", "selected": false}, {"key": "E5", "selected": false}, {"key": "E4", "selected": false}, {"key": "E3", "selected": false}, {"key": "E2+111", "selected": false}], "sud": [{"key": "E1+110", "selected": false}, {"key": "E8", "selected": false}], "nord": [{"key": "E7", "selected": false}, {"key": "S8", "selected": false}], "ouest": [{"key": "E9", "selected": false}, {"key": "S0", "selected": false}], "parking": [{"key": "Portique parking", "selected": false}]}, "salle_ssi": [{"nom": "Bouccccard", "email": "", "prenom": "Manolo"}]}', '{"secouristes": {"dispositions": "", "has_organisme": false, "organisme_nom": "", "organisme_siret": "", "organisme_devis_path": ""}, "entreprise_securite": {"nom": "", "siret": "", "devis_path": ""}}'),
	('62c5e2ab-4fa5-4cee-b444-df123e14e128', 'bd218cea-728e-40ad-9c95-c848a38d6501', 'soumise', 2, NULL, NULL, 'Soirée Jeux XXL', '2026-05-07', '20:00:00', '01:30:00', 'Rue Ireste', 'Soirée', 'Soirée conviviale autour de jeux de société avec musique d’ambiance.', 450, 90, false, '2026-03-12', true, false, true, NULL, true, true, '2026-03-16 07:54:49.35324+00', '2026-03-23 18:28:02.294+00', '2026-03-16 08:01:31.211+00', '2026-05-08', '{"Tables": 5, "Chaises": 10, "Multiprises": 3, "Panneaux d''affichage": 0, "Rallonges électriques": 2}', '{"description": "", "Intranet – Sites Polytech": false, "Mur d''écrans bâtiment Ireste": false, "Newsletter Polytech (avant le 10 du mois)": false, "Réseaux sociaux (Meta – LinkedIn – Instagram)": false}', '{"menu": "Pizza et snacks.", "has_caterer": false, "caterer_name": "", "organisation": "Commandes groupées auprès de plusieurs pizzerias du centre-ville. Livraison à 21h.", "caterer_siret": ""}', '{"nom": "Durand", "email": "thomas.durand@etu.univ-nantes.fr", "prenom": "Thomas", "telephone": "0616388842", "departement": "INFO"}', '{"nom": "Moreau", "email": "julie.moreau@etu.univ-nantes.fr", "prenom": "Julie", "telephone": "0616388842", "departement": "MAT"}', '{"nom": "Benali", "email": "mehdi.benali@etu.univ-nantes.fr", "prenom": "Mehdi", "telephone": "0616388842", "departement": "MAT"}', '{"enabled": true, "ddb_mairie": {"date_demande": "2026-03-11", "autorisation_path": "62c5e2ab-4fa5-4cee-b444-df123e14e128/ddb_mairie.pdf"}, "prevention": [{"titre": "Eau à disposition", "selected": true, "description": "Points d''eau potable gratuits et en libre-service accessibles à tous pendant toute la durée de l''événement."}, {"titre": "Poste de secours", "selected": false, "description": "Espace dédié et clairement identifié, avec le matériel nécessaire pour assurer les premiers soins."}, {"titre": "Espace de repos", "selected": true, "description": "Zone calme, isolée du bruit et surveillée, permettant aux participants de se reposer en toute sécurité."}, {"titre": "Stand de prévention", "selected": true, "description": "Espace d''information et de distribution de matériel de réduction des risques (éthylotests, préservatifs, bouchons d''oreilles)."}, {"titre": "SAM", "selected": true, "description": "Dispositif ''Capitaine de soirée'' récompensant les conducteurs sobres."}, {"titre": "Affichage des horaires de transport en commun", "selected": true, "description": "Affichage visible des horaires des derniers bus, tramways ou métros à proximité des sorties."}, {"titre": "Navettes", "selected": false, "description": "Capacité des membre du club à pouvoir conduire les participant chez eux si besoin."}, {"titre": "Taxis", "selected": true, "description": "Capacité à contacter rapidement un taxi ou VTC pour ramener quelqu''un chez lui si besoin."}], "structure_licence": "BDE Polytech Nantes", "ddb_nantes_universite": {"date_demande": "2026-03-11", "autorisation_path": "62c5e2ab-4fa5-4cee-b444-df123e14e128/ddb_nantes_universite.pdf"}}', '{"cles": {"est": [{"key": "E6", "selected": false}, {"key": "E5", "selected": false}, {"key": "E4", "selected": true}, {"key": "E3", "selected": false}, {"key": "E2+111", "selected": false}], "sud": [{"key": "E1+110", "selected": true}, {"key": "E8", "selected": false}], "nord": [{"key": "E7", "selected": true}, {"key": "S8", "selected": false}], "ouest": [{"key": "E9", "selected": false}, {"key": "S0", "selected": true}], "parking": [{"key": "Portique parking", "selected": true}]}, "salle_ssi": [{"nom": "Martin", "email": "lucas.martin@etu.univ-nantes.fr", "prenom": "Lucas", "telephone": "0616388842"}]}', '{"secouristes": {"dispositions": "Nous aurons nos propres trousses de secours", "has_organisme": false, "organisme_nom": "", "organisme_siret": "", "organisme_devis_path": ""}, "entreprise_securite": {"nom": "SPR Sécurité Bretagne", "siret": "12345678912345", "devis_path": "62c5e2ab-4fa5-4cee-b444-df123e14e128/agent_secu_entreprise_contrat.pdf"}}'),
	('9af757d1-c9b5-4a78-be99-683ca927b1e6', 'bd218cea-728e-40ad-9c95-c848a38d6501', 'en_revision', 2, NULL, NULL, 'Vente de crêpes', '2026-04-15', '08:00:00', '11:00:00', 'Rue Ireste', 'Vente', 'Vente de crêpes pour financer un projet humanitaire étudiant.', 120, 49, false, '2026-04-01', true, false, true, NULL, false, false, '2026-03-16 08:02:55.295196+00', '2026-05-14 18:33:23.274+00', '2026-03-16 08:05:41.226+00', '2026-04-15', '{"Tables": 3, "Chaises": 0, "Multiprises": 2, "Vidéo projecteur": 0, "Panneaux d''affichage": 0, "Rallonges électriques": 2}', '{"description": "", "Intranet – Sites Polytech": false, "Mur d''écrans bâtiment Ireste": false, "Newsletter Polytech (avant le 10 du mois)": false, "Réseaux sociaux (Meta – LinkedIn – Instagram)": false}', '{"menu": "Crêpes sucre / Nutella / confiture.", "has_caterer": false, "caterer_name": "", "organisation": "Préparation dans nos appartements, garniture sur place.", "caterer_siret": ""}', '{"nom": "Girard", "email": "lea.girard@etu.univ-nantes.fr", "prenom": "Léa", "telephone": "0616388842", "departement": "TEM"}', '{"nom": "Renard", "email": "paul.renard@etu.univ-nantes.fr", "prenom": "Paul", "telephone": "0616388842", "departement": "INFO"}', '{"nom": "Costa", "email": "sofia.costa@etu.univ-nantes.fr", "prenom": "Sofia", "telephone": "0616388842", "departement": "INFO"}', '{"enabled": false, "ddb_mairie": {"date_demande": "", "autorisation_path": ""}, "prevention": [{"titre": "Eau à disposition", "selected": false, "description": "Points d''eau potable gratuits et en libre-service accessibles à tous pendant toute la durée de l''événement."}, {"titre": "Poste de secours", "selected": false, "description": "Espace dédié et clairement identifié, avec le matériel nécessaire pour assurer les premiers soins."}, {"titre": "Espace de repos", "selected": false, "description": "Zone calme, isolée du bruit et surveillée, permettant aux participants de se reposer en toute sécurité."}, {"titre": "Stand de prévention", "selected": false, "description": "Espace d''information et de distribution de matériel de réduction des risques (éthylotests, préservatifs, bouchons d''oreilles)."}, {"titre": "SAM", "selected": false, "description": "Dispositif ''Capitaine de soirée'' récompensant les conducteurs sobres."}, {"titre": "Affichage des horaires de transport en commun", "selected": false, "description": "Affichage visible des horaires des derniers bus, tramways ou métros à proximité des sorties."}, {"titre": "Navettes", "selected": false, "description": "Capacité des membre du club à pouvoir conduire les participant chez eux si besoin."}, {"titre": "Taxis", "selected": false, "description": "Capacité à contacter rapidement un taxi ou VTC pour ramener quelqu''un chez lui si besoin."}], "structure_licence": "", "ddb_nantes_universite": {"date_demande": "", "autorisation_path": ""}}', '{"cles": {"est": [{"key": "E6", "selected": false}, {"key": "E5", "selected": false}, {"key": "E4", "selected": false}, {"key": "E3", "selected": false}, {"key": "E2+111", "selected": false}], "sud": [{"key": "E1+110", "selected": false}, {"key": "E8", "selected": false}], "nord": [{"key": "E7", "selected": false}, {"key": "S8", "selected": false}], "ouest": [{"key": "E9", "selected": false}, {"key": "S0", "selected": false}], "parking": [{"key": "Portique parking", "selected": false}]}, "salle_ssi": []}', '{"secouristes": {"dispositions": "", "has_organisme": false, "organisme_nom": "", "organisme_siret": "", "organisme_devis_path": ""}, "entreprise_securite": {"nom": "", "siret": "", "devis_path": ""}}');


--
-- Data for Name: messages; Type: TABLE DATA; Schema: public; Owner: postgres
--

INSERT INTO "public"."messages" ("id", "form_id", "sender_id", "content", "form_version", "created_at", "is_system") VALUES
	('3f18af2e-136d-4e3c-8f5a-957598ee03c8', '402928c8-ef9e-4f99-ab3b-07290e80bb4a', 'edbff636-3ca5-456c-bc85-4258b0a62425', 'SYSTEM_MESSAGE:SIGNATURE_ETAPE', 1, '2026-04-11 15:47:58.662753+00', true),
	('88b0f4ca-df4f-4a81-885d-eefef5e9fe55', '402928c8-ef9e-4f99-ab3b-07290e80bb4a', 'a7f51451-594b-4499-bc98-c864cae7e12d', 'SYSTEM_MESSAGE:SIGNATURE_ETAPE', 1, '2026-04-11 15:48:40.794197+00', true),
	('d4383703-e495-43ee-a159-a6bff73a1e26', '402928c8-ef9e-4f99-ab3b-07290e80bb4a', 'a7f51451-594b-4499-bc98-c864cae7e12d', 'SYSTEM_MESSAGE:VALIDATION_FICHE', 1, '2026-04-11 15:48:41.046055+00', true),
	('92adadc3-f3cb-4dc0-b946-db8ef518502b', '9af757d1-c9b5-4a78-be99-683ca927b1e6', 'a7f51451-594b-4499-bc98-c864cae7e12d', 'L''amphi 2 Ireste ne sera pas disponible ce jour là.', 1, '2026-04-11 16:15:36.082219+00', false),
	('15b57a89-f871-40bb-aa6f-39d2fd2f166b', '9af757d1-c9b5-4a78-be99-683ca927b1e6', 'a7f51451-594b-4499-bc98-c864cae7e12d', 'SYSTEM_MESSAGE:DEMANDE_REVISION', 1, '2026-04-11 16:15:36.27873+00', true),
	('b9c39b62-cb77-4968-be35-7e6ad11f021d', '9af757d1-c9b5-4a78-be99-683ca927b1e6', 'bd218cea-728e-40ad-9c95-c848a38d6501', 'SYSTEM_MESSAGE:MISE_A_JOUR', 2, '2026-04-11 16:16:41.906752+00', true),
	('42c1daf2-1ffc-4cd2-991d-9231db235543', '9af757d1-c9b5-4a78-be99-683ca927b1e6', 'bd218cea-728e-40ad-9c95-c848a38d6501', 'Nous nous installerons alors en amphi 1.', 2, '2026-04-11 16:16:42.035706+00', false),
	('826ea459-b68b-4665-a090-681665014a7e', '9af757d1-c9b5-4a78-be99-683ca927b1e6', 'a7f51451-594b-4499-bc98-c864cae7e12d', 'la raison en question', 2, '2026-04-27 15:39:19.183043+00', false),
	('b4405754-57f6-445f-a3bf-af22ecefb053', '9af757d1-c9b5-4a78-be99-683ca927b1e6', 'a7f51451-594b-4499-bc98-c864cae7e12d', 'SYSTEM_MESSAGE:DEMANDE_REVISION', 2, '2026-04-27 15:39:19.526615+00', true),
	('5a0d0386-f96c-4628-87ce-7848d917e806', '9c40a672-e3d2-40c4-820d-b1a5d140ccfa', 'a7f51451-594b-4499-bc98-c864cae7e12d', 'SYSTEM_MESSAGE:REFUS_FICHE', 1, '2026-05-14 17:20:07.788009+00', true),
	('6ed56459-aa26-4ca7-b49a-19691bc3b0f8', '28b2c44d-4351-4b43-8e81-bbe051413732', 'a7f51451-594b-4499-bc98-c864cae7e12d', 'Ceci est un test', 1, '2026-05-14 21:03:40.708995+00', false),
	('0657d1a9-0455-46e3-8d78-b670ba7bcf17', '28b2c44d-4351-4b43-8e81-bbe051413732', 'a7f51451-594b-4499-bc98-c864cae7e12d', 'nouveau message', 1, '2026-05-16 12:57:00.431732+00', false),
	('bc2b1e34-0eab-4549-bd02-2351055dd5d9', '9af757d1-c9b5-4a78-be99-683ca927b1e6', 'a7f51451-594b-4499-bc98-c864cae7e12d', 'nouveau message', 2, '2026-05-16 12:59:37.908381+00', false),
	('8f169d44-9d4f-499a-80f4-8652e8e51133', '62c5e2ab-4fa5-4cee-b444-df123e14e128', 'edbff636-3ca5-456c-bc85-4258b0a62425', 'Je suis navré mais nous n''avons pas autant de chaise à vous prêter en ce moment. Nous vous en fournirons 10 maximum.', 1, '2026-03-23 18:26:36.717477+00', false),
	('62478e6f-e63c-4c4c-9eaf-b1c8a2da2d11', '62c5e2ab-4fa5-4cee-b444-df123e14e128', 'edbff636-3ca5-456c-bc85-4258b0a62425', 'SYSTEM_MESSAGE:DEMANDE_REVISION', 1, '2026-03-23 18:26:36.956488+00', true),
	('f58a3b77-cd24-4d16-b144-cbd35ddaa203', '62c5e2ab-4fa5-4cee-b444-df123e14e128', 'bd218cea-728e-40ad-9c95-c848a38d6501', 'SYSTEM_MESSAGE:MISE_A_JOUR', 2, '2026-03-23 18:28:02.357483+00', true),
	('f3e0a774-a264-414c-a02e-12b6075f2291', '62c5e2ab-4fa5-4cee-b444-df123e14e128', 'bd218cea-728e-40ad-9c95-c848a38d6501', 'Nous avons diminué toutes les quantités de matériel demandé en conséquence.', 2, '2026-03-23 18:28:02.454542+00', false),
	('a622810c-473a-4724-b817-4fa553ab9983', '9af757d1-c9b5-4a78-be99-683ca927b1e6', 'edbff636-3ca5-456c-bc85-4258b0a62425', 'SYSTEM_MESSAGE:SIGNATURE_ETAPE', 1, '2026-04-02 08:59:19.567137+00', true);


--
-- Data for Name: message_reads; Type: TABLE DATA; Schema: public; Owner: postgres
--

INSERT INTO "public"."message_reads" ("message_id", "profile_id", "read_at") VALUES
	('8f169d44-9d4f-499a-80f4-8652e8e51133', 'bd218cea-728e-40ad-9c95-c848a38d6501', '2026-04-09 09:02:01.895811+00'),
	('62478e6f-e63c-4c4c-9eaf-b1c8a2da2d11', 'bd218cea-728e-40ad-9c95-c848a38d6501', '2026-04-09 09:02:01.895811+00'),
	('a622810c-473a-4724-b817-4fa553ab9983', 'bd218cea-728e-40ad-9c95-c848a38d6501', '2026-04-09 09:04:13.767916+00'),
	('a622810c-473a-4724-b817-4fa553ab9983', 'a7f51451-594b-4499-bc98-c864cae7e12d', '2026-04-09 09:50:35.623161+00'),
	('8f169d44-9d4f-499a-80f4-8652e8e51133', 'a7f51451-594b-4499-bc98-c864cae7e12d', '2026-04-09 09:51:15.71092+00'),
	('62478e6f-e63c-4c4c-9eaf-b1c8a2da2d11', 'a7f51451-594b-4499-bc98-c864cae7e12d', '2026-04-09 09:51:15.71092+00'),
	('f58a3b77-cd24-4d16-b144-cbd35ddaa203', 'a7f51451-594b-4499-bc98-c864cae7e12d', '2026-04-09 09:51:15.71092+00'),
	('f3e0a774-a264-414c-a02e-12b6075f2291', 'a7f51451-594b-4499-bc98-c864cae7e12d', '2026-04-09 09:51:15.71092+00'),
	('f58a3b77-cd24-4d16-b144-cbd35ddaa203', 'edbff636-3ca5-456c-bc85-4258b0a62425', '2026-04-09 12:40:28.279456+00'),
	('f3e0a774-a264-414c-a02e-12b6075f2291', 'edbff636-3ca5-456c-bc85-4258b0a62425', '2026-04-09 12:40:28.279456+00'),
	('3f18af2e-136d-4e3c-8f5a-957598ee03c8', 'bd218cea-728e-40ad-9c95-c848a38d6501', '2026-04-11 15:48:15.074211+00'),
	('3f18af2e-136d-4e3c-8f5a-957598ee03c8', 'a7f51451-594b-4499-bc98-c864cae7e12d', '2026-04-11 15:48:57.81444+00'),
	('92adadc3-f3cb-4dc0-b946-db8ef518502b', 'bd218cea-728e-40ad-9c95-c848a38d6501', '2026-04-11 16:15:36.614275+00'),
	('15b57a89-f871-40bb-aa6f-39d2fd2f166b', 'bd218cea-728e-40ad-9c95-c848a38d6501', '2026-04-11 16:15:36.978144+00'),
	('b9c39b62-cb77-4968-be35-7e6ad11f021d', 'a7f51451-594b-4499-bc98-c864cae7e12d', '2026-04-11 16:16:42.653662+00'),
	('42c1daf2-1ffc-4cd2-991d-9231db235543', 'a7f51451-594b-4499-bc98-c864cae7e12d', '2026-04-11 16:16:42.694033+00'),
	('88b0f4ca-df4f-4a81-885d-eefef5e9fe55', 'bd218cea-728e-40ad-9c95-c848a38d6501', '2026-04-15 14:21:18.810623+00'),
	('d4383703-e495-43ee-a159-a6bff73a1e26', 'bd218cea-728e-40ad-9c95-c848a38d6501', '2026-04-15 14:21:18.810623+00'),
	('92adadc3-f3cb-4dc0-b946-db8ef518502b', 'edbff636-3ca5-456c-bc85-4258b0a62425', '2026-04-17 08:21:08.665521+00'),
	('15b57a89-f871-40bb-aa6f-39d2fd2f166b', 'edbff636-3ca5-456c-bc85-4258b0a62425', '2026-04-17 08:21:08.665521+00'),
	('b9c39b62-cb77-4968-be35-7e6ad11f021d', 'edbff636-3ca5-456c-bc85-4258b0a62425', '2026-04-17 08:21:08.665521+00'),
	('42c1daf2-1ffc-4cd2-991d-9231db235543', 'edbff636-3ca5-456c-bc85-4258b0a62425', '2026-04-17 08:21:08.665521+00'),
	('88b0f4ca-df4f-4a81-885d-eefef5e9fe55', 'edbff636-3ca5-456c-bc85-4258b0a62425', '2026-04-17 08:23:59.871605+00'),
	('d4383703-e495-43ee-a159-a6bff73a1e26', 'edbff636-3ca5-456c-bc85-4258b0a62425', '2026-04-17 08:23:59.871605+00'),
	('826ea459-b68b-4665-a090-681665014a7e', 'bd218cea-728e-40ad-9c95-c848a38d6501', '2026-05-14 18:25:06.060576+00'),
	('b4405754-57f6-445f-a3bf-af22ecefb053', 'bd218cea-728e-40ad-9c95-c848a38d6501', '2026-05-14 18:25:06.060576+00'),
	('5a0d0386-f96c-4628-87ce-7848d917e806', 'bd218cea-728e-40ad-9c95-c848a38d6501', '2026-05-14 19:54:39.923597+00');


--
-- Data for Name: settings; Type: TABLE DATA; Schema: public; Owner: postgres
--

INSERT INTO "public"."settings" ("key", "value", "description", "updated_at", "updated_by") VALUES
	('materiel_disponible', '["Tables", "Chaises", "Panneaux d''affichage", "Rallonges électriques", "Multiprises", "Vidéo projecteur"]', 'Liste du matériel disponible au prêt', '2026-04-05 22:04:26.17+00', 'a7f51451-594b-4499-bc98-c864cae7e12d'),
	('cles_disponibles', '{"est": [{"id": "est_E6", "key": "E6"}, {"id": "est_E5", "key": "E5"}, {"id": "est_E4", "key": "E4"}, {"id": "est_E3", "key": "E3"}, {"id": "est_E2_111", "key": "E2+111"}], "sud": [{"id": "sud", "key": "E1+110"}, {"id": "sud_E8", "key": "E8"}], "nord": [{"id": "nord_E7", "key": "E7"}, {"id": "nord_S8", "key": "S8"}], "ouest": [{"id": "ouest_E9", "key": "E9"}, {"id": "ouest_S0", "key": "S0"}], "parking": [{"id": "portique_parking", "key": "Portique parking"}]}', 'Liste des clés disponibles par point cardinal', '2026-04-05 22:04:26.17+00', 'a7f51451-594b-4499-bc98-c864cae7e12d'),
	('canaux_communication', '["Mur d''écrans bâtiment Ireste", "Intranet – Sites Polytech", "Réseaux sociaux (Meta – LinkedIn – Instagram)", "Newsletter Polytech (avant le 10 du mois)"]', 'Canaux de communication disponibles et leurs contraintes', '2026-04-05 22:04:26.17+00', 'a7f51451-594b-4499-bc98-c864cae7e12d'),
	('regles_cas2', '{"conditions": {"hors_horaires": true, "debit_boissons": true, "public_exterieur": true, "offre_alimentaire": false, "effectif_superieur": true}, "seuil_effectif": 50, "heure_fermeture": "20:00", "delai_cas1_semaines": 2, "delai_cas2_semaines": 8}', 'Conditions déclenchant le cas 2 (dossier complet, 2 mois avant)', '2026-04-05 22:04:26.17+00', 'a7f51451-594b-4499-bc98-c864cae7e12d'),
	('categories_evenement', '["Soirée", "Tournoi sportif", "Conférence", "Atelier", "Vente", "Autre", "Collecte de fonds"]', 'Catégories d événement disponibles dans le formulaire', '2026-04-05 22:04:26.17+00', 'a7f51451-594b-4499-bc98-c864cae7e12d'),
	('regles_agent_secu', '{"conditions": {"hors_horaires": false, "presence_alcool": true, "public_exterieur": false, "effectif_superieur": true}, "seuil_effectif": 100}', 'Conditions déclenchant l''obligation d''agent de sécurité', '2026-04-05 22:04:26.17+00', 'a7f51451-594b-4499-bc98-c864cae7e12d'),
	('documents_aide', '{"autres": [], "plan_acces_path": "ressources_globales/plan_acces.pdf", "fiche_alcool_path": "", "fiche_hygiene_path": "ressources_globales/fiche_hygiene.pdf", "fiche_materiel_path": "", "fiche_securite_path": "", "fiche_communication_path": "", "plan_implantation_vierge_path": "ressources_globales/plan_implantation_vierge.pdf", "plan_implentation_vierge_path": ""}', 'Documents PDF d aide mis à disposition des clubs', '2026-05-05 16:02:22.465+00', 'a7f51451-594b-4499-bc98-c864cae7e12d'),
	('dispositifs_prevention', '[{"titre": "Eau à disposition", "description": "Points d''eau potable gratuits et en libre-service accessibles à tous pendant toute la durée de l''événement."}, {"titre": "Poste de secours", "description": "Espace dédié et clairement identifié, avec le matériel nécessaire pour assurer les premiers soins."}, {"titre": "Espace de repos", "description": "Zone calme, isolée du bruit et surveillée, permettant aux participants de se reposer en toute sécurité."}, {"titre": "Stand de prévention", "description": "Espace d''information et de distribution de matériel de réduction des risques (éthylotests, préservatifs, bouchons d''oreilles)."}, {"titre": "SAM", "description": "Dispositif ''Capitaine de soirée'' récompensant les conducteurs sobres."}, {"titre": "Affichage des horaires de transport en commun", "description": "Affichage visible des horaires des derniers bus, tramways ou métros à proximité des sorties."}, {"titre": "Navettes", "description": "Capacité des membre du club à pouvoir conduire les participant chez eux si besoin."}, {"titre": "Taxis", "description": "Capacité à contacter rapidement un taxi ou VTC pour ramener quelqu''un chez lui si besoin."}]', 'Liste des disposition à prendre en cas de débit de boisson', '2026-04-05 22:04:26.17+00', 'a7f51451-594b-4499-bc98-c864cae7e12d');


--
-- Data for Name: workflow_etapes; Type: TABLE DATA; Schema: public; Owner: postgres
--

INSERT INTO "public"."workflow_etapes" ("id", "role_id", "ordre", "created_at") VALUES
	('cf5a4f43-e24c-4533-bc46-df4412521ec0', 'faba0608-88fb-4457-a3bc-00ff44e9c1a2', 2, '2026-03-12 22:37:12.043401+00'),
	('9bb4f521-cca1-496c-aad2-02350780dcaa', 'c13cc93c-3e72-432c-9d75-3a8f94ce9990', 1, '2026-03-16 08:02:07.505882+00');


--
-- Data for Name: signatures; Type: TABLE DATA; Schema: public; Owner: postgres
--

INSERT INTO "public"."signatures" ("id", "form_id", "workflow_etape_id", "signed_by", "signed_at", "status", "created_at", "role_label") VALUES
	('ec793a61-1827-441d-b455-fbf357ece6ec', '62c5e2ab-4fa5-4cee-b444-df123e14e128', '9bb4f521-cca1-496c-aad2-02350780dcaa', NULL, NULL, 'en_attente', '2026-03-16 08:02:27.61494+00', 'Logistique'),
	('f877c674-0e33-4e5c-84a8-e14dc0756a79', '62c5e2ab-4fa5-4cee-b444-df123e14e128', 'cf5a4f43-e24c-4533-bc46-df4412521ec0', NULL, NULL, 'en_attente', '2026-03-16 08:02:27.61494+00', 'Direction'),
	('24425b97-967b-427b-9b5b-15d1f4bf844a', '9af757d1-c9b5-4a78-be99-683ca927b1e6', 'cf5a4f43-e24c-4533-bc46-df4412521ec0', NULL, NULL, 'en_attente', '2026-03-16 08:05:40.15289+00', 'Direction'),
	('0b0e2241-2434-4549-8486-c5a5b79407f9', '28b2c44d-4351-4b43-8e81-bbe051413732', '9bb4f521-cca1-496c-aad2-02350780dcaa', NULL, NULL, 'en_attente', '2026-03-23 13:30:54.594791+00', 'Logistique'),
	('4ac78c90-c7ec-426b-b342-95cfd5608785', '28b2c44d-4351-4b43-8e81-bbe051413732', 'cf5a4f43-e24c-4533-bc46-df4412521ec0', NULL, NULL, 'en_attente', '2026-03-23 13:30:54.594791+00', 'Direction'),
	('22f305b3-bb45-4aa8-b16f-1b6c3a01ce9c', '9af757d1-c9b5-4a78-be99-683ca927b1e6', '9bb4f521-cca1-496c-aad2-02350780dcaa', 'edbff636-3ca5-456c-bc85-4258b0a62425', '2026-04-02 08:59:18.903+00', 'signe', '2026-03-16 08:05:40.15289+00', 'Logistique'),
	('412c98cf-5e14-4def-a00c-dfe016436cd1', '402928c8-ef9e-4f99-ab3b-07290e80bb4a', '9bb4f521-cca1-496c-aad2-02350780dcaa', 'edbff636-3ca5-456c-bc85-4258b0a62425', '2026-04-11 15:47:58.258+00', 'signe', '2026-04-11 15:47:37.730689+00', 'Logistique'),
	('c5c20e77-ff81-4211-9731-18f332d7d54d', '402928c8-ef9e-4f99-ab3b-07290e80bb4a', 'cf5a4f43-e24c-4533-bc46-df4412521ec0', 'a7f51451-594b-4499-bc98-c864cae7e12d', '2026-04-11 15:48:40.192+00', 'signe', '2026-04-11 15:47:37.730689+00', 'Direction'),
	('676b1ce4-3b0e-43a4-9a29-822be1d65f95', '9c40a672-e3d2-40c4-820d-b1a5d140ccfa', '9bb4f521-cca1-496c-aad2-02350780dcaa', NULL, NULL, 'en_attente', '2026-05-14 17:19:02.160718+00', 'Logistique'),
	('e4f33916-d701-4378-be2c-538f345f0b00', '9c40a672-e3d2-40c4-820d-b1a5d140ccfa', 'cf5a4f43-e24c-4533-bc46-df4412521ec0', NULL, NULL, 'en_attente', '2026-05-14 17:19:02.160718+00', 'Direction');


--
-- Data for Name: buckets; Type: TABLE DATA; Schema: storage; Owner: supabase_storage_admin
--

INSERT INTO "storage"."buckets" ("id", "name", "owner", "created_at", "updated_at", "public", "avif_autodetection", "file_size_limit", "allowed_mime_types", "owner_id", "type") VALUES
	('event-documents', 'event-documents', NULL, '2026-02-23 21:14:24.840925+00', '2026-02-23 21:14:24.840925+00', false, false, 10485760, NULL, NULL, 'STANDARD'),
	('public-ressources', 'public-ressources', NULL, '2026-02-25 14:40:34.435873+00', '2026-02-25 14:40:34.435873+00', false, false, 10485760, NULL, NULL, 'STANDARD');


RESET ALL;
